idx,p,m,d,h,mode,aux,pas,lin,ext,tot,capdrop,aftercap,sec,bits,nslots,phim,B,degP,order,degQ,degC,cnorm,search,normonly,composed_active,qks,R,ok,exit,wall,valid
3,8191,45193,14,12,BASELINE,90,1,43.907292000000005,134.495357,180.362621,321.179876,907.234855,78.5494,1787,3150,44100,17,1223,,,,,,False,False,36.634751,27.448942,True,0,405.78,True
3,8191,45193,14,12,NORMONLY,90,1,44.286704,135.423529,181.690207,321.07962,907.281864,78.5494,1787,3150,44100,17,1223,1,1223,,,,True,False,36.634751,27.448942,True,0,2741.41,True
3,8191,45193,14,12,ORDER6,90,1,45.700824000000004,76.085532,123.813552,375.853658,852.563266,78.5494,1787,3150,44100,17,1835,6,305,,,,False,False,36.634751,27.448942,True,0,352.49,True
3,8191,45193,14,12,ORDER6_COMPOSED,90,1,45.995096,37.366596,85.456364,465.994698,762.214292,78.5494,1787,3150,44100,17,1835,,,22,134,11.7551,False,True,36.634751,27.448942,True,0,327.06,True
4,65537,50731,18,12,BASELINE,256,1,56.438677999999996,158.695389,217.632071,354.179637,1038.230814,78.8964,2018,2784,50112,17,1223,,,,,,False,False,41.244073,29.150462,True,0,558.53,True
4,65537,50731,18,12,NORMONLY,256,1,,,,,,,,,,,,,,,,,False,False,,,False,124,5400.39,False
4,65537,50731,18,12,ORDER4,256,1,56.781057000000004,92.724349,152.037412,414.770989,977.608729,78.8964,2018,2784,50112,17,1223,4,305,,,,False,False,41.244073,29.150462,True,0,496.33,True
4,65537,50731,18,12,ORDER4_COMPOSED,256,1,59.066824000000004,41.408673,103.059641,472.810017,919.632926,78.8964,2018,2784,50112,17,1223,,,17,99,18.1206,False,True,41.244073,29.150462,True,0,467.63,True
14,2971,49589,4,12,BASELINE,55,1,111.127567,149.421385,262.731837,299.110888,934.150812,81.7334,1795,11664,46656,17,1223,,,,,,False,False,34.502003,26.886599,True,0,747.42,True
14,2971,49589,4,12,BASELINE,55,2,103.897312,148.78909,254.787812,299.168469,933.955241,81.7334,1795,11664,46656,17,1223,,,,,,False,False,34.502003,26.886599,True,0,755.75,True
14,2971,49589,4,12,NORMONLY,55,1,114.160726,150.09876,266.534929,298.916101,934.249477,81.7334,1795,11664,46656,17,1223,1,1223,,,,True,False,34.502003,26.886599,True,0,1607.23,True
14,2971,49589,4,12,NORMONLY,55,2,104.293306,149.209951,255.623039,301.163937,931.922905,81.7334,1795,11664,46656,17,1223,1,1223,,,,True,False,34.502003,26.886599,True,0,1545.47,True
14,2971,49589,4,12,ORDER6,55,1,107.983601,76.800993,186.972111,353.95117,879.20848,81.7334,1795,11664,46656,17,1835,6,305,,,,False,False,34.502003,26.886599,True,0,687.16,True
14,2971,49589,4,12,ORDER6,55,2,104.102666,79.037152,185.250055,356.21963,876.855343,81.7334,1795,11664,46656,17,1835,6,305,,,,False,False,34.502003,26.886599,True,0,685.6,True
14,2971,49589,4,12,ORDER6_COMPOSED,55,1,109.59893699999999,51.153652,162.909036,475.264673,757.918733,81.7334,1795,11664,46656,17,1835,,,77,838,33.6788,False,True,34.502003,26.886599,True,0,690.87,True
14,2971,49589,4,12,ORDER6_COMPOSED,55,2,103.71058000000001,51.196322,157.015076,475.302163,757.867417,81.7334,1795,11664,46656,17,1835,,,77,838,33.8276,False,True,34.502003,26.886599,True,0,692.29,True
15,4423,50633,3,12,BASELINE,67,1,173.47923,139.236842,314.927552,299.274517,941.152924,80.8639,1795,15340,46020,16,1087,,,,,,False,False,35.344308,27.190033,True,0,1173.75,True
15,4423,50633,3,12,NORMONLY,67,1,170.571868,134.230355,306.993844,299.461028,941.075747,80.8639,1795,15340,46020,16,1087,1,1087,,,,True,False,35.344308,27.190033,True,0,1980.01,True
15,4423,50633,3,12,ORDER6,67,1,171.735566,71.342938,245.30151,354.730374,885.741799,80.8639,1795,15340,46020,16,1631,6,271,,,,False,False,35.344308,27.190033,True,0,1106.57,True
15,4423,50633,3,12,ORDER6_COMPOSED,67,1,174.27122599999998,58.965769,235.462804,514.307867,726.257201,80.8639,1795,15340,46020,16,1631,,,91,212,19.1316,False,True,35.344308,27.190033,True,0,1109.71,True
16,13807,43837,7,12,BASELINE,118,1,118.219059,227.693012,350.392904,327.932676,904.982573,77.1191,1787,6148,43036,17,1223,,,,,,False,False,37.759882,27.780709,True,0,730.89,True
16,13807,43837,7,12,BASELINE,118,2,52.918541,130.981093,185.942785,327.750289,905.127694,77.1191,1787,6148,43036,17,1223,,,,,,False,False,37.759882,27.780709,True,0,433.3,True
16,13807,43837,7,12,NORMONLY,118,1,51.333130999999995,128.996206,182.311446,327.695504,905.133749,77.1191,1787,6148,43036,17,1223,1,1223,,,,True,False,37.759882,27.780709,True,0,3679.96,True
16,13807,43837,7,12,NORMONLY,118,2,50.528112,130.091032,182.581973,327.56558,905.27427,77.1191,1787,6148,43036,17,1223,1,1223,,,,True,False,37.759882,27.780709,True,0,3670.66,True
16,13807,43837,7,12,ORDER6,118,1,114.710529,161.317464,279.181272,382.986826,849.872306,77.1191,1787,6148,43036,17,1835,6,305,,,,False,False,37.759882,27.780709,True,0,699.77,True
16,13807,43837,7,12,ORDER6,118,2,50.50898,70.498643,122.942917,385.188628,847.684457,77.1191,1787,6148,43036,17,1835,6,305,,,,False,False,37.759882,27.780709,True,0,348.71,True
16,13807,43837,7,12,ORDER6_COMPOSED,118,1,111.684197,92.179239,208.611485,504.498234,728.380888,77.1191,1787,6148,43036,17,1835,,,44,1019,91.4053,False,True,37.759882,27.780709,True,0,776.65,True
16,13807,43837,7,12,ORDER6_COMPOSED,118,2,50.967652,39.076658,92.007464,504.045267,728.711695,77.1191,1787,6148,43036,17,1835,,,44,1019,36.8254,False,True,37.759882,27.780709,True,0,355.29,True
17,19183,44347,12,12,BASELINE,139,1,173.53113399999998,241.68859,419.782812,325.160501,901.707535,77.8153,1787,3630,43560,17,1223,,,,,,False,False,38.480154,28.03367,True,0,1701.69,True
17,19183,44347,12,12,NORMONLY,139,1,,,,,,,,,,,,,,,,,False,False,,,False,124,5401.14,False
17,19183,44347,12,12,ORDER6,139,1,149.622173,157.051075,309.816903,383.06896,843.761286,77.8153,1787,3630,43560,17,1835,6,305,,,,False,False,38.480154,28.03367,True,0,1571.92,True
17,19183,44347,12,12,ORDER6_COMPOSED,139,1,147.85451700000002,50.367104,201.283229,437.95929,788.804615,77.8153,1787,3630,43560,17,1835,,,26,213,20.0473,False,True,38.480154,28.03367,True,0,1478.94,True
18,37831,37637,4,12,BASELINE,195,1,118.576032,182.704793,303.929496,334.319851,890.050705,68.9196,1787,9240,36960,17,1223,,,,,,False,False,39.818928,28.243575,True,0,875.52,True
18,37831,37637,4,12,NORMONLY,195,1,,,,,,,,,,,,,,,,,False,False,,,False,124,5401.08,False
18,37831,37637,4,12,ORDER6,195,1,95.69340299999999,78.255298,176.137291,392.841832,831.418871,68.9196,1787,9240,36960,17,1835,6,305,,,,False,False,39.818928,28.243575,True,0,853.03,True
18,37831,37637,4,12,ORDER6_COMPOSED,195,1,96.036428,49.068821,147.316875,534.769497,689.570426,68.9196,1787,9240,36960,17,1835,,,77,535,32.4461,False,True,39.818928,28.243575,True,0,717.67,True
19,60271,60517,4,12,BASELINE,246,1,125.201701,250.412865,379.148246,353.399515,1037.860923,90.2627,2018,14904,59616,17,1223,,,,,,False,False,41.202057,29.391608,True,0,1033.18,True
19,60271,60517,4,12,NORMONLY,246,1,,,,,,,,,,,,,,,,,False,False,,,False,124,5401.48,False
19,60271,60517,4,12,ORDER6,246,1,124.782962,135.710375,264.114352,413.947153,977.255715,90.2627,2018,14904,59616,17,1835,6,305,,,,False,False,41.202057,29.391608,True,0,931.78,True
19,60271,60517,4,12,ORDER6_COMPOSED,246,1,129.22967699999998,89.657413,222.743673,575.031894,816.052661,90.2627,2018,14904,59616,17,1835,,,77,145,34.0647,False,True,41.202057,29.391608,True,0,905.02,True
20,3307,60371,8,12,BASELINE,58,1,217.62054899999998,256.812095,478.242299,296.843095,1112.544149,89.7819,2027,7434,59472,17,1223,,,,,,False,False,34.927792,27.305734,True,0,1596.61,True
20,3307,60371,8,12,NORMONLY,58,1,163.349876,200.003841,366.196903,296.776923,1112.416139,89.7819,2027,7434,59472,17,1223,1,1223,,,,True,False,34.927792,27.305734,True,0,2125.47,True
20,3307,60371,8,12,ORDER6,58,1,203.106579,140.701562,347.414648,350.217413,1059.100705,89.7819,2027,7434,59472,17,1835,6,305,,,,False,False,34.927792,27.305734,True,0,1469.98,True
20,3307,60371,8,12,ORDER6_COMPOSED,58,1,222.0517,73.181671,299.146975,407.600894,1001.741139,89.7819,2027,7434,59472,17,1835,,,39,278,20.4866,False,True,34.927792,27.305734,True,0,1431.93,True
21,6163,41317,9,12,BASELINE,79,1,56.850515,159.32607,218.543367,304.1059,935.288904,73.7374,1795,4524,40716,17,1223,,,,,,False,False,35.973859,27.103459,True,0,467.32,True
21,6163,41317,9,12,NORMONLY,79,1,43.770700999999995,121.840482,167.436409,301.565553,938.002543,73.7374,1795,4524,40716,17,1223,1,1223,,,,True,False,35.973859,27.103459,True,0,2000.87,True
21,6163,41317,9,12,ORDER6,79,1,57.412935000000004,84.311968,144.110041,356.267787,883.052447,73.7374,1795,4524,40716,17,1835,6,305,,,,False,False,35.973859,27.103459,True,0,395.92,True
21,6163,41317,9,12,ORDER6_COMPOSED,79,1,56.830503,44.102937,103.295642,437.783169,801.712717,73.7374,1795,4524,40716,17,1835,,,34,187,13.9822,False,True,35.973859,27.103459,True,0,367.73,True
22,14401,43033,11,12,BASELINE,120,1,60.573093,147.352061,210.392876,319.493373,905.476002,74.5636,1787,3740,41140,17,1223,,,,,,False,False,37.807532,27.771993,True,0,497.65,True
22,14401,43033,11,12,BASELINE,120,2,48.252639,118.288794,168.477515,319.685607,905.394204,74.5636,1787,3740,41140,17,1223,,,,,,False,False,37.807532,27.771993,True,0,401.9,True
22,14401,43033,11,12,NORMONLY,120,1,48.683127999999996,116.166337,166.800641,319.901113,905.222517,74.5636,1787,3740,41140,17,1223,1,1223,,,,True,False,37.807532,27.771993,True,0,4299.69,True
22,14401,43033,11,12,NORMONLY,120,2,48.916598,114.580635,165.451176,319.804641,905.288577,74.5636,1787,3740,41140,17,1223,1,1223,,,,True,False,37.807532,27.771993,True,0,4403.76,True
22,14401,43033,11,12,ORDER4,120,1,60.932915,88.099846,151.460147,375.165501,849.900294,74.5636,1787,3740,41140,17,1223,4,305,,,,False,False,37.807532,27.771993,True,0,436.78,True
22,14401,43033,11,12,ORDER4,120,2,49.942868000000004,69.808851,121.751816,375.037026,849.97835,74.5636,1787,3740,41140,17,1223,4,305,,,,False,False,37.807532,27.771993,True,0,353.37,True
22,14401,43033,11,12,ORDER4_COMPOSED,120,1,61.39112,44.996694,108.935878,464.248155,760.819078,74.5636,1787,3740,41140,17,1223,,,28,91,11.3112,False,True,37.807532,27.771993,True,0,410.86,True
22,14401,43033,11,12,ORDER4_COMPOSED,120,2,49.709993,40.981018,92.619882,464.189739,760.891376,74.5636,1787,3740,41140,17,1223,,,28,91,10.0121,False,True,37.807532,27.771993,True,0,335.07,True
22,14401,43033,11,12,ORDER6,318,1,61.063095,89.725292,153.189269,376.813956,847.917462,74.5636,1787,3740,41140,17,1835,6,305,,,,False,False,39.213524,28.236684,True,0,443.3,True
22,14401,43033,11,12,ORDER6,318,2,46.362468,73.682934,121.888012,376.685939,847.991113,74.5636,1787,3740,41140,17,1835,6,305,,,,False,False,39.213524,28.236684,True,0,366.87,True
22,14401,43033,11,12,ORDER6_COMPOSED,318,1,61.308918,47.373445,111.085098,463.84879,760.945374,74.5636,1787,3740,41140,17,1835,,,28,529,28.0332,False,True,39.213524,28.236684,True,0,431.47,True
22,14401,43033,11,12,ORDER6_COMPOSED,318,2,48.229752000000005,36.836948,86.983084,463.627124,761.103648,74.5636,1787,3740,41140,17,1835,,,28,529,22.1133,False,True,39.213524,28.236684,True,0,339.25,True
23,2521,50731,18,12,BASELINE,71,1,69.556946,191.346807,264.04485,290.149912,1119.37565,78.6377,2027,2784,50112,17,1223,,,,,,False,False,34.69368,26.969316,True,0,628.83,True
23,2521,50731,18,12,NORMONLY,71,1,54.209808,154.889397,211.478449,290.434434,1119.258069,78.6377,2027,2784,50112,17,1223,1,1223,,,,True,False,34.69368,26.969316,True,0,1141.05,True
23,2521,50731,18,12,ORDER4,71,1,52.941302,84.027903,139.297098,348.700558,1060.72302,78.6377,2027,2784,50112,17,1223,4,305,,,,False,False,34.69368,26.969316,True,0,429.52,True
23,2521,50731,18,12,ORDER4_COMPOSED,71,1,52.943761,39.310103,94.571663,406.813582,1002.713068,78.6377,2027,2784,50112,17,1223,,,17,58,11.7004,False,True,34.69368,26.969316,True,0,387.54,True
23,2521,50731,18,12,ORDER6,676,1,52.378370000000004,89.916198,144.591385,354.897789,1051.476082,78.6377,2027,2784,50112,17,1835,6,305,,,,False,False,37.944716,28.052645,True,0,422.78,True
23,2521,50731,18,12,ORDER6_COMPOSED,676,1,52.76629,41.295804,96.408998,403.631477,1002.762103,78.6377,2027,2784,50112,17,1835,,,17,68,11.1522,False,True,37.944716,28.052645,True,0,386.42,True
24,2917,53983,4,12,BASELINE,54,1,205.892106,159.090621,367.632711,291.669214,1118.355613,81.4708,2027,13122,52488,17,1223,,,,,,False,False,34.544946,27.009084,True,0,1690.34,True
24,2917,53983,4,12,NORMONLY,54,1,205.84010700000002,163.600073,372.097042,291.595528,1118.537629,81.4708,2027,13122,52488,17,1223,1,1223,,,,True,False,34.544946,27.009084,True,0,2492.74,True
24,2917,53983,4,12,ORDER4,54,1,205.437792,88.743469,296.791488,349.657035,1060.390614,81.4708,2027,13122,52488,17,1223,4,305,,,,False,False,34.544946,27.009084,True,0,1620.83,True
24,2917,53983,4,12,ORDER4_COMPOSED,54,1,205.365551,60.894962,268.843301,474.633144,935.258268,81.4708,2027,13122,52488,17,1223,,,77,268,22.0045,False,True,34.544946,27.009084,True,0,1611.35,True
24,2917,53983,4,12,ORDER6,248,1,204.152089,91.693048,298.394163,348.143112,1059.821263,81.4708,2027,13122,52488,17,1835,6,305,,,,False,False,36.744207,27.743279,True,0,1624.77,True
24,2917,53983,4,12,ORDER6_COMPOSED,248,1,204.90014200000002,62.166417,269.630533,479.61444,928.297988,81.4708,2027,13122,52488,17,1835,,,77,451,24.2888,False,True,36.744207,27.743279,True,0,1625.84,True
25,4513,37637,4,12,BASELINE,95,1,61.347727,106.235801,169.194729,303.360046,930.877249,68.6935,1795,9240,36960,17,1223,,,,,,False,False,35.71405,26.881102,True,0,401.9,True
25,4513,37637,4,12,NORMONLY,95,1,62.32255,106.16704,170.191418,303.295226,930.93144,68.6935,1795,9240,36960,17,1223,1,1223,,,,True,False,35.71405,26.881102,True,0,1564.0,True
25,4513,37637,4,12,ORDER4,95,1,60.173622,58.542621,120.378203,348.547209,885.634733,68.6935,1795,9240,36960,17,1223,4,305,,,,False,False,35.71405,26.881102,True,0,351.52,True
25,4513,37637,4,12,ORDER4_COMPOSED,95,1,59.782017,38.114786,99.523318,476.779217,757.493327,68.6935,1795,9240,36960,17,1223,,,77,126,10.7621,False,True,35.71405,26.881102,True,0,344.08,True
25,4513,37637,4,12,ORDER6,815,1,60.482781,62.633792,124.772688,357.881493,873.165833,68.6935,1795,9240,36960,17,1835,6,305,,,,False,False,38.814842,27.915397,True,0,360.76,True
25,4513,37637,4,12,ORDER6_COMPOSED,815,1,60.826462,40.449068,102.950983,485.948825,745.274329,68.6935,1795,9240,36960,17,1835,,,77,12,7.60626,False,True,38.814842,27.915397,True,0,346.97,True
26,8101,51833,8,12,BASELINE,90,1,78.782602,135.480622,216.476032,315.416896,913.354798,84.5555,1795,6096,48768,17,1223,,,,,,False,False,36.694428,27.664398,True,0,588.96,True
26,8101,51833,8,12,NORMONLY,90,1,81.034454,136.923399,220.215027,315.277246,913.432618,84.5555,1795,6096,48768,17,1223,1,1223,,,,True,False,36.694428,27.664398,True,0,2667.14,True
26,8101,51833,8,12,ORDER4,90,1,78.251649,77.020984,157.476285,370.222382,858.611441,84.5555,1795,6096,48768,17,1223,4,305,,,,False,False,36.694428,27.664398,True,0,528.35,True
26,8101,51833,8,12,ORDER4_COMPOSED,90,1,78.065884,39.613291,119.84378,430.648616,797.807367,84.5555,1795,6096,48768,17,1223,,,39,355,17.6236,False,True,36.694428,27.664398,True,0,507.13,True
27,13457,45193,7,12,BASELINE,116,1,55.704981000000004,121.896977,179.550791,320.649451,905.470223,78.5494,1787,6300,44100,17,1223,,,,,,False,False,37.71709,27.806997,True,0,459.83,True
27,13457,45193,7,12,BASELINE,116,2,60.699662000000004,139.252573,202.137644,320.598491,905.514179,78.5494,1787,6300,44100,17,1223,,,,,,False,False,37.71709,27.806997,True,0,474.08,True
27,13457,45193,7,12,NORMONLY,116,1,53.411221999999995,121.952704,177.363374,320.656217,905.475487,78.5494,1787,6300,44100,17,1223,1,1223,,,,True,False,37.71709,27.806997,True,0,3573.65,True
27,13457,45193,7,12,NORMONLY,116,2,55.275545,121.152062,178.492255,320.51502,905.571944,78.5494,1787,6300,44100,17,1223,1,1223,,,,True,False,37.71709,27.806997,True,0,3583.51,True
27,13457,45193,7,12,ORDER4,116,1,56.657022,72.254242,130.910936,376.09427,850.065182,78.5494,1787,6300,44100,17,1223,4,305,,,,False,False,37.71709,27.806997,True,0,407.5,True
27,13457,45193,7,12,ORDER4,116,2,52.268054,69.367348,123.610569,376.318453,849.957693,78.5494,1787,6300,44100,17,1223,4,305,,,,False,False,37.71709,27.806997,True,0,383.26,True
27,13457,45193,7,12,ORDER4_COMPOSED,116,1,56.617705,38.104763,98.201609,496.967073,729.139623,78.5494,1787,6300,44100,17,1223,,,44,26,10.2853,False,True,37.71709,27.806997,True,0,375.38,True
27,13457,45193,7,12,ORDER4_COMPOSED,116,2,51.782118000000004,37.226747,90.936249,497.129672,729.033454,78.5494,1787,6300,44100,17,1223,,,44,26,6.73481,False,True,37.71709,27.806997,True,0,353.91,True
28,15377,55459,4,12,BASELINE,124,1,170.611948,204.624413,379.502913,323.297894,1084.367796,82.8319,2027,13410,53640,17,1223,,,,,,False,False,38.159085,28.249483,True,0,1016.58,True
28,15377,55459,4,12,NORMONLY,124,1,107.971907,160.460749,271.020525,323.067622,1084.609836,82.8319,2027,13410,53640,17,1223,1,1223,,,,True,False,38.159085,28.249483,True,0,4682.23,True
28,15377,55459,4,12,ORDER4,124,1,118.127616,105.821253,226.579457,380.647056,1026.931212,82.8319,2027,13410,53640,17,1223,4,305,,,,False,False,38.159085,28.249483,True,0,807.49,True
28,15377,55459,4,12,ORDER4_COMPOSED,124,1,117.06235,70.573887,190.542788,524.834775,882.554768,82.8319,2027,13410,53640,17,1223,,,77,163,17.4579,False,True,38.159085,28.249483,True,0,750.47,True
29,13457,65047,2,26,BASELINE,116,1,142.345158,185.658014,330.235809,360.909228,599.481115,126.827,1407,31388,62776,24,2399,,,,,,False,False,37.993932,28.424344,True,0,1297.42,True
29,13457,65047,2,26,NORMONLY,116,1,,,,,,,,,,,,,,,,,False,False,,,False,143,470.33,False
29,13457,65047,2,26,ORDER4,116,1,145.180346,108.208638,255.715955,420.185445,540.273987,126.827,1407,31388,62776,24,2399,4,599,,,,False,False,37.993932,28.424344,True,0,1213.3,True
29,13457,65047,2,26,ORDER4_COMPOSED,116,1,142.68448099999998,101.242472,246.144527,767.721932,192.629508,126.827,1407,31388,62776,24,2399,,,300,85,46.594,False,True,37.993932,28.424344,True,0,1240.29,True
30,2917,53983,4,26,BASELINE,54,1,141.234842,158.283911,301.590527,322.747801,449.544475,129.163,1154,13122,52488,24,2399,,,,,,False,False,34.545108,27.009084,True,0,1530.5,True
30,2917,53983,4,26,NORMONLY,54,1,129.583699,152.6825,284.160843,322.559024,449.822578,129.163,1154,13122,52488,24,2399,1,2399,,,,True,False,34.545108,27.009084,True,0,3733.91,True
30,2917,53983,4,26,ORDER4,54,1,112.48551,69.539841,183.681854,373.45335,398.851654,129.163,1154,13122,52488,24,2399,4,599,,,,False,False,34.545108,27.009084,True,0,1271.72,True
30,2917,53983,4,26,ORDER4_COMPOSED,54,1,130.921725,48.979791,181.810156,579.396,192.850056,129.163,1154,13122,52488,24,2399,,,150,353,52.5082,False,True,34.545108,27.009084,True,0,1379.67,True
30,2917,53983,4,26,ORDER6,248,1,,,,,,129.163,,,,24,,,,,,,False,False,36.744353,27.743279,False,134,1057.9,False
30,2917,53983,4,26,ORDER6_COMPOSED,248,1,,,,,,129.163,,,,24,,,,,,,False,False,36.744353,27.743279,False,134,1046.37,False
31,15377,55459,4,26,BASELINE,124,1,79.778131,173.636146,255.577785,350.134064,449.867597,127.776,1194,13410,53640,24,2399,,,,,,False,False,38.159253,28.249483,True,0,700.44,True
31,15377,55459,4,26,NORMONLY,124,1,,,,,,,,,,,,,,,,,False,False,,,False,124,5401.27,False
31,15377,55459,4,26,ORDER4,124,1,77.34835,94.730508,174.170606,414.417147,385.598065,127.776,1194,13410,53640,24,2399,4,599,,,,False,False,38.159253,28.249483,True,0,653.76,True
31,15377,55459,4,26,ORDER4_COMPOSED,124,1,77.359866,55.902951,135.390447,614.326012,185.666199,127.776,1194,13410,53640,24,2399,,,150,18,25.4195,False,True,38.159253,28.249483,True,0,633.97,True
32,8101,57521,8,26,BASELINE,90,1,66.190377,192.163899,260.432969,348.280318,476.067416,127.433,1268,7104,56832,24,2399,,,,,,False,False,36.818842,27.858925,True,0,613.57,True
32,8101,57521,8,26,NORMONLY,90,1,,,,,,,,,,,,,,,,,False,False,,,False,124,5400.8,False
32,8101,57521,8,26,ORDER4,90,1,72.51097200000001,107.873535,182.834471,407.772738,416.470606,127.433,1268,7104,56832,24,2399,4,599,,,,False,False,36.818842,27.858925,True,0,563.51,True
32,8101,57521,8,26,ORDER4_COMPOSED,90,1,72.501409,47.05652,121.871321,550.791542,273.483846,127.433,1268,7104,56832,24,2399,,,75,279,47.2779,False,True,36.818842,27.858925,True,0,551.81,True
33,14401,54359,10,26,BASELINE,120,1,68.39285,129.907516,200.01237,349.355544,398.02686,129.018,1133,5148,51480,24,2399,,,,,,False,False,37.982995,28.165381,True,0,587.31,True
33,14401,54359,10,26,NORMONLY,120,1,,,,,,,,,,,,,,,,,False,False,,,False,124,5401.14,False
33,14401,54359,10,26,ORDER4,120,1,69.30017000000001,75.063529,146.106569,405.986233,341.366279,129.018,1133,5148,51480,24,2399,4,599,,,,False,False,37.982995,28.165381,True,0,530.34,True
33,14401,54359,10,26,ORDER4_COMPOSED,120,1,68.489581,33.594606,103.864006,520.030479,227.288519,129.018,1133,5148,51480,24,2399,,,60,221,37.8989,False,True,37.982995,28.165381,True,0,526.11,True
33,14401,54359,10,26,ORDER6,318,1,67.210572,74.257212,143.22727,405.44115,340.949444,129.018,1133,5148,51480,24,3599,6,599,,,,False,False,39.388984,28.630343,True,0,527.01,True
33,14401,54359,10,26,ORDER6_COMPOSED,318,1,70.429806,34.986034,107.158026,522.38159,224.033555,129.018,1133,5148,51480,24,3599,,,60,577,67.7081,False,True,39.388984,28.630343,True,0,557.95,True
